[
  {
    "id": "wMQkHb-omiQ",
    "title": "Я Провёл 24 Часа в Псих Комнате! Сложнейший Челлендж",
    "thumbnail": "https://i.ytimg.com/vi/wMQkHb-omiQ/maxresdefault.jpg",
    "thumbnail_local": "wMQkHb-omiQ.jpg",
    "url": "https://youtu.be/wMQkHb-omiQ?si=0kc1Ub3g34p03_JP",
    "duration": 3980
  },
  {
    "id": "Zy1SbHWy0fc",
    "title": "МАФИЯ в РЕАЛЬНОЙ ЖИЗНИ: Дубровский, Позов, Мамикс, Катя Клэп, Егорик, Кадрол, Столяров, Масленников",
    "thumbnail": "https://i.ytimg.com/vi_webp/Zy1SbHWy0fc/maxresdefault.webp",
    "thumbnail_local": "Zy1SbHWy0fc.webp",
    "url": "https://youtu.be/Zy1SbHWy0fc?si=jyNu19-4_6_saRsi",
    "duration": 3830
  },
  {
    "id": "PL5RkylG01U",
    "title": "История ПАСПОРТА сложнее чем кажется — ТОПЛЕС",
    "thumbnail": "https://i.ytimg.com/vi/PL5RkylG01U/maxresdefault.jpg",
    "thumbnail_local": "PL5RkylG01U.jpg",
    "url": "https://youtu.be/PL5RkylG01U?si=HTQEzQMMJdV3Hq2J",
    "duration": 2497
  },
  {
    "id": "h-A8u5skA3o",
    "title": "Делаю САМЫЙ ПОПУЛЯРНЫЙ ПОСТ в Telegram (РЕАЛЬНО ЭПИЧНО + Дисс на Кореша)",
    "thumbnail": "https://i.ytimg.com/vi_webp/h-A8u5skA3o/maxresdefault.webp",
    "thumbnail_local": "h-A8u5skA3o.webp",
    "url": "https://youtu.be/h-A8u5skA3o?si=Gv-zNe3LxhOYmDnz",
    "duration": 3398
  },
  {
    "id": "QCds9hLj-H8",
    "title": "ГЕНЕТИКА работает НЕ ТАК, КАК вы ДУМАТЕ! — ТОПЛЕС",
    "thumbnail": "https://i.ytimg.com/vi/QCds9hLj-H8/maxresdefault.jpg",
    "thumbnail_local": null,
    "url": "https://youtu.be/QCds9hLj-H8?si=B8ElqOEQBc4rvB01",
    "duration": 2495
  },
  {
    "id": "Vo94fTzSTyE",
    "title": "101 ФАКТ ТЕТРАДЬ СМЕРТИ или АЙСБЕРГ DEATH NOTE",
    "thumbnail": "https://i.ytimg.com/vi/Vo94fTzSTyE/maxresdefault.jpg",
    "thumbnail_local": null,
    "url": "https://youtu.be/Vo94fTzSTyE?si=3M1d8ktbymAaWwp2",
    "duration": 1482
  },
  {
    "id": "-q7EtHb-HAM",
    "title": "ДРЕЙК T2X2 МАЗЕЛЛОВ И СТИНТ ИГРАЮТ В 60 СЕКУНД",
    "thumbnail": "https://i.ytimg.com/vi_webp/-q7EtHb-HAM/maxresdefault.webp",
    "thumbnail_local": "-q7EtHb-HAM.webp",
    "url": "https://youtu.be/-q7EtHb-HAM?si=NYVKvFv_KS-deD3L",
    "duration": 1901
  },
  {
    "id": "c6ulUgGHDJY",
    "title": "99,9% из вас сюда НЕ ПОПАДУТ. Мы в АНТАРКТИДЕ – ТОПЛЕС",
    "thumbnail": "https://i.ytimg.com/vi/c6ulUgGHDJY/maxresdefault.jpg",
    "thumbnail_local": null,
    "url": "https://youtu.be/c6ulUgGHDJY?si=HhDlfNVYmiwhA7ue",
    "duration": 3869
  },
  {
    "id": "mIpJTVVJ8NI",
    "title": "Экстремальные Прятки в Огромной Усадьбе Закрытая Школа!",
    "thumbnail": "https://i.ytimg.com/vi_webp/mIpJTVVJ8NI/maxresdefault.webp",
    "thumbnail_local": null,
    "url": "https://youtu.be/mIpJTVVJ8NI?si=xlip01nst10ncQor",
    "duration": 8576
  },
  {
    "id": "IxI09PD4V_U",
    "title": "ДРЕЙК ИГРАЕТ В GEOMETRY DASH // ОБЫЧНЫЕ и КАСТОМНЫЕ УРОВНИ",
    "thumbnail": "https://i.ytimg.com/vi_webp/IxI09PD4V_U/maxresdefault.webp",
    "thumbnail_local": "IxI09PD4V_U.webp",
    "url": "https://youtu.be/IxI09PD4V_U?si=-MgQKPs1UOWCO97N",
    "duration": 1275
  },
  {
    "id": "x2i25PvImCk",
    "title": "Как преступники выдают себя ? — ТОПЛЕС",
    "thumbnail": "https://i.ytimg.com/vi_webp/x2i25PvImCk/maxresdefault.webp",
    "thumbnail_local": "x2i25PvImCk.webp",
    "url": "https://youtu.be/x2i25PvImCk?si=lBMOfpKv3HCe0hvC",
    "duration": 1352
  },
  {
    "id": "HDvf2MPD_nM",
    "title": "2009 ГОД | Minecraft, Angry Birds, Аватар, Вверх, Отбросы | Попкульт",
    "thumbnail": "https://i.ytimg.com/vi/HDvf2MPD_nM/maxresdefault.jpg",
    "thumbnail_local": "HDvf2MPD_nM.jpg",
    "url": "https://youtu.be/HDvf2MPD_nM?si=AkreQvjEyOqSdXCZ",
    "duration": 6354
  },
  {
    "id": "KqeM8j3L4f4",
    "title": "2008 ГОД | Железный Человек, Тёмный Рыцарь, Ранетки, Во все тяжкие, Валл-И, Кунг-фу Панда | ПОПКУЛЬТ",
    "thumbnail": "https://i.ytimg.com/vi/KqeM8j3L4f4/maxresdefault.jpg",
    "thumbnail_local": "KqeM8j3L4f4.jpg",
    "url": "https://youtu.be/KqeM8j3L4f4?si=5Awu9XZRgAwat9J4",
    "duration": 5046
  },
  {
    "id": "u8yZFBCW1xw",
    "title": "✅Нашли УЛЕЙ ДИКИХ ПЧЁЛ ОГРОМНЫЙ 🐝ИСКУСАЛИ прям на ДЕРЕВЕ ☠️ ЛИХОРАДКА и ГАЛЮЦИНАЦИИ от УКУСОВ",
    "thumbnail": "https://i.ytimg.com/vi_webp/u8yZFBCW1xw/maxresdefault.webp",
    "thumbnail_local": "u8yZFBCW1xw.webp",
    "url": "https://youtu.be/u8yZFBCW1xw?si=_jITDBKn5stHqJ94",
    "duration": 1066
  },
  {
    "id": "6yXqb22sunc",
    "title": "✅Нашли ГНЕЗДО Гигантских ШЕРШНЕЙ под землёй ☠ ИСКУСАЛИ😱 Обезвреживаем дымовухой опасный РОЙ ДИКИХ ОС",
    "thumbnail": "https://i.ytimg.com/vi_webp/6yXqb22sunc/maxresdefault.webp",
    "thumbnail_local": "6yXqb22sunc.webp",
    "url": "https://youtu.be/6yXqb22sunc?si=uucgJlyetvJjQA5t",
    "duration": 659
  },
  {
    "id": "eHyj6TWqvus",
    "title": "✅Ворвались в Припять на СТАЛКЕРСКОМ ЗАПОРОЖЦЕ 😱 Погоня на машине в Чернобыльском лесу 👍",
    "thumbnail": "https://i.ytimg.com/vi_webp/eHyj6TWqvus/maxresdefault.webp",
    "thumbnail_local": "eHyj6TWqvus.webp",
    "url": "https://youtu.be/eHyj6TWqvus?si=Dt7RXVm57GAaVCdA",
    "duration": 3107
  }
]